{"name":"af53755d-33f5-4150-8a42-5e989870ba20","id":"/providers/Microsoft.Flow/flows/af53755d-33f5-4150-8a42-5e989870ba20","type":"Microsoft.Flow/flows","properties":{"apiId":"/providers/Microsoft.PowerApps/apis/shared_logicflows","displayName":"Send email Notification When an item is created in SharePoint","definition":{"metadata":{"workflowEntityId":null,"creator":{"id":"10d8f57a-2249-4f6f-8b11-7331996d2219","type":"User","tenantId":"52f648fa-be30-4f2d-9537-c8fb8e5f026d"},"provisioningMethod":"FromDefinition","failureAlertSubscription":true,"clientLastModifiedTime":"2020-06-19T12:46:29.9080863Z"},"$schema":"https://schema.management.azure.com/providers/Microsoft.Logic/schemas/2016-06-01/workflowdefinition.json#","contentVersion":"1.0.0.0","parameters":{"$connections":{"defaultValue":{},"type":"Object"},"$authentication":{"defaultValue":{},"type":"SecureObject"},"sharepoint.site":{"defaultValue":"","type":"String"},"sharepoint.list":{"defaultValue":"","type":"String"}},"triggers":{"When_a_new_item_is_created":{"recurrence":{"frequency":"Minute","interval":5},"splitOn":"@triggerOutputs()?['body/value']","type":"OpenApiConnection","inputs":{"host":{"apiId":"/providers/Microsoft.PowerApps/apis/shared_sharepointonline","connectionName":"shared_sharepointonline","operationId":"GetOnNewItems"},"parameters":{"dataset":"https://masimbagroupzim.sharepoint.com/sites/SHEQSupport","table":"0937eef6-618f-4b1b-abf9-5feebc5d47a8"},"authentication":"@parameters('$authentication')"}}},"actions":{"SHEQ_Notification_of_NC_Raised":{"runAfter":{"Switch":["Succeeded"]},"type":"OpenApiConnection","inputs":{"host":{"apiId":"/providers/Microsoft.PowerApps/apis/shared_sendmail","connectionName":"shared_sendmail","operationId":"SendEmailV3"},"parameters":{"request/to":"Kevin.Nyabereka@masimbagroup.com;Hilda.Dube@masimbagroup.com;parerenyatwa.chipiro@masimbagroup.com;","request/subject":"NC [@{triggerOutputs()?['body/Title']}] ALERT","request/text":"<p><span style=\"font-family: arial\">Dear SHEQ Team<br>\n<br>\nThe NC [</span><span style=\"font-family: arial\">@{triggerOutputs()?['body/Title']}</span><span style=\"font-family: arial\">] &nbsp;has been raised by </span><span style=\"font-family: arial\">@{triggerOutputs()?['body/Raised_x0020_By/DisplayName']}</span><span style=\"font-family: arial\"> to </span><span style=\"font-family: arial\">@{triggerOutputs()?['body/Assigned_x0020_To/DisplayName']}</span><span style=\"font-family: arial\"> with severity </span><span style=\"font-family: arial\">@{triggerOutputs()?['body/Severity_x0020_Classification/Value']}</span><span style=\"font-family: arial\">.<br>\n<br>\nClick the link below to view the NC.<br>\n<br>\n</span><span style=\"font-family: arial\">@{triggerOutputs()?['body/{Link}']}</span><span style=\"font-family: arial\"></span></p>"},"authentication":"@parameters('$authentication')"}},"Get_item":{"runAfter":{},"type":"OpenApiConnection","inputs":{"host":{"apiId":"/providers/Microsoft.PowerApps/apis/shared_sharepointonline","connectionName":"shared_sharepointonline","operationId":"GetItem"},"parameters":{"dataset":"https://masimbagroupzim.sharepoint.com/sites/SHEQSupport","table":"0937eef6-618f-4b1b-abf9-5feebc5d47a8","id":"@triggerOutputs()?['body/ID']"},"authentication":"@parameters('$authentication')"}},"Assigned_Approval_Form":{"runAfter":{"SHEQ_Notification_of_NC_Raised":["Succeeded"]},"type":"OpenApiConnectionWebhook","inputs":{"host":{"apiId":"/providers/Microsoft.PowerApps/apis/shared_approvals","connectionName":"shared_approvals","operationId":"StartAndWaitForAnApproval"},"parameters":{"approvalType":"CustomResponse","WebhookApprovalCreationInput/responseOptions":["ACCEPT NC","DECLINE NC"],"WebhookApprovalCreationInput/title":"NC  [@{triggerOutputs()?['body/Title']}] ALERT","WebhookApprovalCreationInput/assignedTo":"@outputs('Get_item')?['body/Assigned_x0020_To/Email']","WebhookApprovalCreationInput/details":"Dear @{triggerOutputs()?['body/Assigned_x0020_To/DisplayName']}  \n\nThe NC [@{triggerOutputs()?['body/Title']}] has been assigned to you by @{triggerOutputs()?['body/Raised_x0020_By/DisplayName']} on @{triggerOutputs()?['body/Date_x0020_and_x0020_Time']}.  May you please acknowledge the NC to initiate the investigation.\n\nClick the link below to view the NC\n","WebhookApprovalCreationInput/itemLink":"@triggerOutputs()?['body/{Link}']","WebhookApprovalCreationInput/itemLinkDescription":"Sharepoint link to the list or NC [@{triggerOutputs()?['body/Title']}] assigned to you","WebhookApprovalCreationInput/enableNotifications":true,"WebhookApprovalCreationInput/enableReassignment":true},"authentication":"@parameters('$authentication')"}},"Update_item_6":{"runAfter":{"Get_item":["Succeeded"]},"type":"OpenApiConnection","inputs":{"host":{"apiId":"/providers/Microsoft.PowerApps/apis/shared_sharepointonline","connectionName":"shared_sharepointonline","operationId":"PatchItem"},"parameters":{"dataset":"https://masimbagroupzim.sharepoint.com/sites/SHEQSupport","table":"0937eef6-618f-4b1b-abf9-5feebc5d47a8","id":"@outputs('Get_item')?['body/ID']","item/Title":"@outputs('Get_item')?['body/Title']","item/Date_x0020_and_x0020_Time":"@outputs('Get_item')?['body/Date_x0020_and_x0020_Time']","item/Receiving_x0020_Department/Value":"@outputs('Get_item')?['body/Receiving_x0020_Department/Value']","item/NC_x0020_status/Value":"Pending","item/NC_Status/Value":"Pending"},"authentication":"@parameters('$authentication')"}},"Switch":{"runAfter":{"Update_item_6":["Succeeded"]},"cases":{"Case":{"case":"Accounts","actions":{"Notify_Accounts_Director":{"runAfter":{},"type":"OpenApiConnection","inputs":{"host":{"apiId":"/providers/Microsoft.PowerApps/apis/shared_sendmail","connectionName":"shared_sendmail","operationId":"SendEmailV3"},"parameters":{"request/to":"agnes.makamure@masimbagroup.com;","request/subject":"NC [@{triggerOutputs()?['body/Title']}] ALERT","request/text":"<p>Dear Mrs. Makamure<br>\n<br>\nThe NC [@{outputs('Get_item')?['body/Title']}] has been raised by @{outputs('Get_item')?['body/Raised_x0020_By/DisplayName']} to @{outputs('Get_item')?['body/Assigned_x0020_To/DisplayName']} with severity @{outputs('Get_item')?['body/Severity_x0020_Classification/Value']}.<br>\n<br>\nClick here to view the NC<br>\n<br>\n@{triggerOutputs()?['body/{Link}']}</p>"},"authentication":"@parameters('$authentication')"}}}},"Case_2":{"case":"Procurement","actions":{"Notify_Procurement_Director":{"runAfter":{},"type":"OpenApiConnection","inputs":{"host":{"apiId":"/providers/Microsoft.PowerApps/apis/shared_sendmail","connectionName":"shared_sendmail","operationId":"SendEmailV3"},"parameters":{"request/to":"agnes.makamure@masimbagroup.com;","request/subject":"NC [@{outputs('Get_item')?['body/Title']}] ALERT","request/text":"<p>Dear Mrs. Makamure<br>\n<br>\nThe NC [@{outputs('Get_item')?['body/Title']}] has been raised by @{outputs('Get_item')?['body/Raised_x0020_By/DisplayName']} to @{outputs('Get_item')?['body/Assigned_x0020_To/DisplayName']} with severity @{outputs('Get_item')?['body/Severity_x0020_Classification/Value']}.<br>\n<br>\nClick here to view the NC<br>\n<br>\n@{triggerOutputs()?['body/{Link}']}</p>"},"authentication":"@parameters('$authentication')"}}}},"Case_3":{"case":"IT","actions":{"Notify_IT_Director":{"runAfter":{},"type":"OpenApiConnection","inputs":{"host":{"apiId":"/providers/Microsoft.PowerApps/apis/shared_sendmail","connectionName":"shared_sendmail","operationId":"SendEmailV3"},"parameters":{"request/to":"agnes.makamure@masimbagroup.com","request/subject":"NC [@{outputs('Get_item')?['body/Title']}] ALERT","request/text":"<p>Dear Mrs Makamure<br>\n<br>\nThe NC [@{outputs('Get_item')?['body/Title']}] has been raised by @{outputs('Get_item')?['body/Raised_x0020_By/DisplayName']} to @{outputs('Get_item')?['body/Assigned_x0020_To/DisplayName']} with severity @{outputs('Get_item')?['body/Severity_x0020_Classification/Value']}.<br>\n<br>\nClick here to view the NC<br>\n<br>\n@{triggerOutputs()?['body/{Link}']}</p>"},"authentication":"@parameters('$authentication')"}}}},"Case_4":{"case":"Salaries","actions":{"Notify_Salaries_Director":{"runAfter":{},"type":"OpenApiConnection","inputs":{"host":{"apiId":"/providers/Microsoft.PowerApps/apis/shared_sendmail","connectionName":"shared_sendmail","operationId":"SendEmailV3"},"parameters":{"request/to":"agnes.makamure@masimbagroup.com;","request/subject":"NC [@{triggerOutputs()?['body/Title']}] ALERT","request/text":"<p>Dear Mrs. Makamure<br>\n<br>\nThe NC [@{outputs('Get_item')?['body/Title']}] has been raised by @{outputs('Get_item')?['body/Raised_x0020_By/DisplayName']} to @{outputs('Get_item')?['body/Assigned_x0020_To/DisplayName']} with severity @{outputs('Get_item')?['body/Severity_x0020_Classification/Value']}.<br>\n<br>\nClick here to view the NC<br>\n<br>\n@{triggerOutputs()?['body/{Link}']}</p>"},"authentication":"@parameters('$authentication')"}}}},"Case_5":{"case":"Adminstration","actions":{"Notify_Admin_Director":{"runAfter":{},"type":"OpenApiConnection","inputs":{"host":{"apiId":"/providers/Microsoft.PowerApps/apis/shared_sendmail","connectionName":"shared_sendmail","operationId":"SendEmailV3"},"parameters":{"request/to":"agnes.makamure@masimbagroup.com;","request/subject":"NC @{triggerOutputs()?['body/Title']} ALERT","request/text":"<p>Dear Mrs. Makamure<br>\n<br>\nThe NC [@{outputs('Get_item')?['body/Title']}] has been raised by @{outputs('Get_item')?['body/Raised_x0020_By/DisplayName']} to @{outputs('Get_item')?['body/Assigned_x0020_To/DisplayName']} with severity @{outputs('Get_item')?['body/Severity_x0020_Classification/Value']}.<br>\n<br>\nClick here to view the NC<br>\n<br>\n@{triggerOutputs()?['body/{Link}']}</p>"},"authentication":"@parameters('$authentication')"}}}},"Case_6":{"case":"Security","actions":{"Notify_Security_Director":{"runAfter":{},"type":"OpenApiConnection","inputs":{"host":{"apiId":"/providers/Microsoft.PowerApps/apis/shared_sendmail","connectionName":"shared_sendmail","operationId":"SendEmailV3"},"parameters":{"request/to":"agnes.makamure@masimbagroup.com;","request/subject":"NC [@{outputs('Get_item')?['body/Title']}] ALERT","request/text":"<p>Dear Mrs. Makamure<br>\n<br>\nThe NC [@{outputs('Get_item')?['body/Title']}] has been raised by @{outputs('Get_item')?['body/Raised_x0020_By/DisplayName']} to @{outputs('Get_item')?['body/Assigned_x0020_To/DisplayName']} with severity @{outputs('Get_item')?['body/Severity_x0020_Classification/Value']}.<br>\n<br>\nClick here to view the NC<br>\n<br>\n@{triggerOutputs()?['body/{Link}']}</p>"},"authentication":"@parameters('$authentication')"}}}},"Case_7":{"case":"Branding & Marketing","actions":{"Notify_Branding_and_Marketing_Director":{"runAfter":{},"type":"OpenApiConnection","inputs":{"host":{"apiId":"/providers/Microsoft.PowerApps/apis/shared_sendmail","connectionName":"shared_sendmail","operationId":"SendEmailV3"},"parameters":{"request/to":"canada.malunga@masimbagroup.com;","request/subject":"NC [@{triggerOutputs()?['body/Title']}] ALERT","request/text":"<p>Dear Mr Malunga<br>\n<br>\nThe NC [@{outputs('Get_item')?['body/Title']}] has been raised by @{outputs('Get_item')?['body/Raised_x0020_By/DisplayName']} to @{outputs('Get_item')?['body/Assigned_x0020_To/DisplayName']} with severity @{outputs('Get_item')?['body/Severity_x0020_Classification/Value']}.<br>\n<br>\nClick here to view the NC<br>\n<br>\n@{triggerOutputs()?['body/{Link}']}</p>"},"authentication":"@parameters('$authentication')"}}}},"Case_8":{"case":"CEO's Office","actions":{"Notify_CEO":{"runAfter":{},"type":"OpenApiConnection","inputs":{"host":{"apiId":"/providers/Microsoft.PowerApps/apis/shared_sendmail","connectionName":"shared_sendmail","operationId":"SendEmailV3"},"parameters":{"request/to":"canada.malunga@masimbagroup.com;","request/subject":"NC [@{triggerOutputs()?['body/Title']}] ALERT","request/text":"<p>Dear Mr Malunga<br>\n<br>\nThe NC [@{outputs('Get_item')?['body/Title']}] has been raised by @{outputs('Get_item')?['body/Raised_x0020_By/DisplayName']} to @{outputs('Get_item')?['body/Assigned_x0020_To/DisplayName']} with severity @{outputs('Get_item')?['body/Severity_x0020_Classification/Value']}.<br>\n<br>\nClick here to view the NC<br>\n<br>\n@{triggerOutputs()?['body/{Link}']}</p>"},"authentication":"@parameters('$authentication')"}}}},"Case_9":{"case":"Commercial","actions":{"Notify_Commercial_Director":{"runAfter":{},"type":"OpenApiConnection","inputs":{"host":{"apiId":"/providers/Microsoft.PowerApps/apis/shared_sendmail","connectionName":"shared_sendmail","operationId":"SendEmailV3"},"parameters":{"request/to":"canada.malunga@masimbagroup.com;","request/subject":"NC [@{triggerOutputs()?['body/Title']}] ALERT","request/text":"<p>Dear Mr Malunga<br>\n<br>\nThe NC [@{outputs('Get_item')?['body/Title']}] has been raised by @{outputs('Get_item')?['body/Raised_x0020_By/DisplayName']} to @{outputs('Get_item')?['body/Assigned_x0020_To/DisplayName']} with severity @{outputs('Get_item')?['body/Severity_x0020_Classification/Value']}.<br>\n<br>\nClick here to view the NC<br>\n<br>\n@{triggerOutputs()?['body/{Link}']}</p>"},"authentication":"@parameters('$authentication')"}}}},"Case_10":{"case":"Human Capital","actions":{"Notify_HC_Director":{"runAfter":{},"type":"OpenApiConnection","inputs":{"host":{"apiId":"/providers/Microsoft.PowerApps/apis/shared_sendmail","connectionName":"shared_sendmail","operationId":"SendEmailV3"},"parameters":{"request/to":"canada.malunga@masimbagroup.com;","request/subject":"NC [@{triggerOutputs()?['body/Title']}] ALERT","request/text":"<p>Dear Mr Malunga<br>\n<br>\nThe NC [@{outputs('Get_item')?['body/Title']}] has been raised by @{outputs('Get_item')?['body/Raised_x0020_By/DisplayName']} to @{outputs('Get_item')?['body/Assigned_x0020_To/DisplayName']} with severity @{outputs('Get_item')?['body/Severity_x0020_Classification/Value']}.<br>\n<br>\nClick here to view the NC<br>\n<br>\n@{triggerOutputs()?['body/{Link}']}</p>"},"authentication":"@parameters('$authentication')"}}}},"Case_11":{"case":"SHEQ","actions":{"Notify_SHEQ_Director":{"runAfter":{},"type":"OpenApiConnection","inputs":{"host":{"apiId":"/providers/Microsoft.PowerApps/apis/shared_sendmail","connectionName":"shared_sendmail","operationId":"SendEmailV3"},"parameters":{"request/to":"canada.malunga@masimbagroup.com;","request/subject":"NC [@{triggerOutputs()?['body/Title']}] ALERT","request/text":"<p>Dear Mr Malunga<br>\n<br>\nThe NC [@{outputs('Get_item')?['body/Title']}] has been raised by @{outputs('Get_item')?['body/Raised_x0020_By/DisplayName']} to @{outputs('Get_item')?['body/Assigned_x0020_To/DisplayName']} with severity @{outputs('Get_item')?['body/Severity_x0020_Classification/Value']}.<br>\n<br>\nClick here to view the NC<br>\n<br>\n@{triggerOutputs()?['body/{Link}']}</p>"},"authentication":"@parameters('$authentication')"}}}},"Case_12":{"case":"Plant & Transport","actions":{"Notify_Plant_and_Transport_Director":{"runAfter":{},"type":"OpenApiConnection","inputs":{"host":{"apiId":"/providers/Microsoft.PowerApps/apis/shared_sendmail","connectionName":"shared_sendmail","operationId":"SendEmailV3"},"parameters":{"request/to":"canada.malunga@masimbagroup.com;","request/subject":"NC @{triggerOutputs()?['body/Title']} ALERT","request/text":"<p>Dear Mr Malunga<br>\n<br>\nThe NC [@{outputs('Get_item')?['body/Title']}] has been raised by @{outputs('Get_item')?['body/Raised_x0020_By/DisplayName']} to @{outputs('Get_item')?['body/Assigned_x0020_To/DisplayName']} with severity @{outputs('Get_item')?['body/Severity_x0020_Classification/Value']}.<br>\n<br>\nClick here to view the NC<br>\n<br>\n@{triggerOutputs()?['body/{Link}']}</p>"},"authentication":"@parameters('$authentication')"}}}},"Case_13":{"case":"Yard","actions":{"Notify_Yard_Director":{"runAfter":{},"type":"OpenApiConnection","inputs":{"host":{"apiId":"/providers/Microsoft.PowerApps/apis/shared_sendmail","connectionName":"shared_sendmail","operationId":"SendEmailV3"},"parameters":{"request/to":"canada.malunga@masimbagroup.com;","request/subject":"NC @{triggerOutputs()?['body/Title']} ALERT","request/text":"<p>Dear Mr Malunga<br>\n<br>\nThe NC [@{outputs('Get_item')?['body/Title']}] has been raised by @{outputs('Get_item')?['body/Raised_x0020_By/DisplayName']} to @{outputs('Get_item')?['body/Assigned_x0020_To/DisplayName']} with severity @{outputs('Get_item')?['body/Severity_x0020_Classification/Value']}.<br>\n<br>\nClick here to view the NC<br>\n<br>\n@{triggerOutputs()?['body/{Link}']}</p>"},"authentication":"@parameters('$authentication')"}}}},"Case_14":{"case":"Internal Audit","actions":{"Notify_Internal_Audit_Director":{"runAfter":{},"type":"OpenApiConnection","inputs":{"host":{"apiId":"/providers/Microsoft.PowerApps/apis/shared_sendmail","connectionName":"shared_sendmail","operationId":"SendEmailV3"},"parameters":{"request/to":"canada.malunga@masimbagroup.com;","request/subject":"NC @{triggerOutputs()?['body/Title']} ALERT","request/text":"<p>Dear Mr Malunga<br>\n<br>\nThe NC [@{outputs('Get_item')?['body/Title']}] has been raised by @{outputs('Get_item')?['body/Raised_x0020_By/DisplayName']} to @{outputs('Get_item')?['body/Assigned_x0020_To/DisplayName']} with severity @{outputs('Get_item')?['body/Severity_x0020_Classification/Value']}.<br>\n<br>\nClick here to view the NC<br>\n<br>\n@{triggerOutputs()?['body/{Link}']}</p>"},"authentication":"@parameters('$authentication')"}}}},"Case_15":{"case":"Fabrication","actions":{"Notify_Fabrication_Director":{"runAfter":{},"type":"OpenApiConnection","inputs":{"host":{"apiId":"/providers/Microsoft.PowerApps/apis/shared_sendmail","connectionName":"shared_sendmail","operationId":"SendEmailV3"},"parameters":{"request/to":"moffat.nyamhingura@masimbagroup.com;","request/subject":"NC @{triggerOutputs()?['body/Title']} ALERT","request/text":"<p>Dear Mr Nyamhingura<br>\n<br>\nThe NC [@{outputs('Get_item')?['body/Title']}] has been raised by @{outputs('Get_item')?['body/Raised_x0020_By/DisplayName']} to @{outputs('Get_item')?['body/Assigned_x0020_To/DisplayName']} with severity @{outputs('Get_item')?['body/Severity_x0020_Classification/Value']}.<br>\n<br>\nClick here to view the NC<br>\n<br>\n@{triggerOutputs()?['body/{Link}']}</p>"},"authentication":"@parameters('$authentication')"}}}},"Case_16":{"case":"Operations","actions":{"Notify_Operations_Director":{"runAfter":{},"type":"OpenApiConnection","inputs":{"host":{"apiId":"/providers/Microsoft.PowerApps/apis/shared_sendmail","connectionName":"shared_sendmail","operationId":"SendEmailV3"},"parameters":{"request/to":"moffat.nyamhingura@masimbagroup.com;","request/subject":"NC @{triggerOutputs()?['body/Title']} ALERT","request/text":"<p>Dear Mr Nyamhingura<br>\n<br>\nThe NC [@{outputs('Get_item')?['body/Title']}] has been raised by @{outputs('Get_item')?['body/Raised_x0020_By/DisplayName']} to @{outputs('Get_item')?['body/Assigned_x0020_To/DisplayName']} with severity @{outputs('Get_item')?['body/Severity_x0020_Classification/Value']}.<br>\n<br>\nClick here to view the NC<br>\n<br>\n@{triggerOutputs()?['body/{Link}']}</p>"},"authentication":"@parameters('$authentication')"}}}}},"default":{"actions":{}},"expression":"@outputs('Update_item_6')?['body/Receiving_x0020_Department/Value']","type":"Switch"},"Apply_to_each_13":{"foreach":"@outputs('Assigned_Approval_Form')?['body/responses']","actions":{"Switch_2":{"runAfter":{},"cases":{"ACCEPT_NC":{"case":"ACCEPT NC","actions":{"Switch_3":{"runAfter":{},"cases":{"Case":{"case":"Accounts","actions":{"Accounts_Acceptance":{"runAfter":{},"type":"OpenApiConnection","inputs":{"host":{"apiId":"/providers/Microsoft.PowerApps/apis/shared_sendmail","connectionName":"shared_sendmail","operationId":"SendEmailV3"},"parameters":{"request/to":"agnes.makamure@masimbagroup.com;","request/subject":"NC [@{triggerOutputs()?['body/Title']}] ALERT","request/text":"<p>Dear Mrs. Makamure<br>\n<br>\nKindly note that the NC [@{triggerOutputs()?['body/Title']}] has been accepted and is now awaiting investigation.<br>\n<br>\nComments (if any):@{items('Apply_to_each_13')?['comments']}</p>"},"authentication":"@parameters('$authentication')"}}}},"Case_2":{"case":"Procurement","actions":{"Procurement_Acceptance":{"runAfter":{},"type":"OpenApiConnection","inputs":{"host":{"apiId":"/providers/Microsoft.PowerApps/apis/shared_sendmail","connectionName":"shared_sendmail","operationId":"SendEmailV3"},"parameters":{"request/to":"agnes.makamure@masimbagroup.com;","request/subject":"NC [@{triggerOutputs()?['body/Title']}] ALERT","request/text":"<p>Dear Mrs. Makamure<br>\n<br>\nKindly note that the NC [@{triggerOutputs()?['body/Title']}] has been accepted and is now awaiting investigation.<br>\n<br>\nComments (if any):@{items('Apply_to_each_13')?['comments']}</p>"},"authentication":"@parameters('$authentication')"}}}},"Case_3":{"case":"IT ","actions":{"IT_Acceptance":{"runAfter":{},"type":"OpenApiConnection","inputs":{"host":{"apiId":"/providers/Microsoft.PowerApps/apis/shared_sendmail","connectionName":"shared_sendmail","operationId":"SendEmailV3"},"parameters":{"request/to":"agnes.makamure@masimbagroup.com;","request/subject":"NC [@{triggerOutputs()?['body/Title']}] ALERT","request/text":"<p>Dear Mrs. Makamure<br>\n<br>\nKindly note that the NC [@{triggerOutputs()?['body/Title']}] has been accepted and is now awaiting investigation.<br>\n<br>\nComments (if any):@{items('Apply_to_each_13')?['comments']}</p>"},"authentication":"@parameters('$authentication')"}}}},"Case_4":{"case":"Salaries","actions":{"Salaries_Acceptance":{"runAfter":{},"type":"OpenApiConnection","inputs":{"host":{"apiId":"/providers/Microsoft.PowerApps/apis/shared_sendmail","connectionName":"shared_sendmail","operationId":"SendEmailV3"},"parameters":{"request/to":"agnes.makamure@masimbagroup.com;","request/subject":"NC [@{triggerOutputs()?['body/Title']}] ALERT","request/text":"<p>Dear Mrs. Makamure<br>\n<br>\nKindly note that the NC [@{triggerOutputs()?['body/Title']}] has been accepted and is now awaiting investigation.<br>\n<br>\nComments (if any):@{items('Apply_to_each_13')?['comments']}</p>"},"authentication":"@parameters('$authentication')"}}}},"Case_5":{"case":"Adminstration","actions":{"Admin_Acceptance":{"runAfter":{},"type":"OpenApiConnection","inputs":{"host":{"apiId":"/providers/Microsoft.PowerApps/apis/shared_sendmail","connectionName":"shared_sendmail","operationId":"SendEmailV3"},"parameters":{"request/to":"agnes.makamure@masimbagroup.com;","request/subject":"NC [@{triggerOutputs()?['body/Title']}] ALERT","request/text":"<p>Dear Mrs. Makamure<br>\n<br>\nKindly note that the NC [@{triggerOutputs()?['body/Title']}] has been accepted and is now awaiting investigation.<br>\n<br>\nComments (if any):@{items('Apply_to_each_13')?['comments']}</p>"},"authentication":"@parameters('$authentication')"}}}},"Case_6":{"case":"Security","actions":{"Security_Acceptance":{"runAfter":{},"type":"OpenApiConnection","inputs":{"host":{"apiId":"/providers/Microsoft.PowerApps/apis/shared_sendmail","connectionName":"shared_sendmail","operationId":"SendEmailV3"},"parameters":{"request/to":"agnes.makamure@masimbagroup.com;","request/subject":"NC [@{triggerOutputs()?['body/Title']}] ALERT","request/text":"<p>Dear Mrs. Makamure<br>\n<br>\nKindly note that the NC [@{triggerOutputs()?['body/Title']}] has been accepted and is now awaiting investigation.<br>\n<br>\nComments (if any):@{items('Apply_to_each_13')?['comments']}</p>"},"authentication":"@parameters('$authentication')"}}}},"Case_7":{"case":"Branding & Marketing","actions":{"Branding_and_Marketing_Acceptance":{"runAfter":{},"type":"OpenApiConnection","inputs":{"host":{"apiId":"/providers/Microsoft.PowerApps/apis/shared_sendmail","connectionName":"shared_sendmail","operationId":"SendEmailV3"},"parameters":{"request/to":"canada.malunga@masimbagroup.com;","request/subject":"NC [@{triggerOutputs()?['body/Title']}] ALERT","request/text":"<p>Dear Mr Malunga<br>\n<br>\nKindly note that the NC [@{triggerOutputs()?['body/Title']}] has been accepted and is now awaiting investigation.<br>\n<br>\nComments (if any):@{items('Apply_to_each_13')?['comments']}</p>"},"authentication":"@parameters('$authentication')"}}}},"Case_8":{"case":"CEO's Office","actions":{"CEO's_Office_Acceptance":{"runAfter":{},"type":"OpenApiConnection","inputs":{"host":{"apiId":"/providers/Microsoft.PowerApps/apis/shared_sendmail","connectionName":"shared_sendmail","operationId":"SendEmailV3"},"parameters":{"request/to":"canada.malunga@masimbagroup.com;","request/subject":"NC [@{triggerOutputs()?['body/Title']}] ALERT","request/text":"<p>Dear Mr Malunga<br>\n<br>\nKindly note that the NC [@{triggerOutputs()?['body/Title']}] has been accepted and is now awaiting investigation.<br>\n<br>\nComments (if any):@{items('Apply_to_each_13')?['comments']}</p>"},"authentication":"@parameters('$authentication')"}}}},"Case_9":{"case":"Commercial","actions":{"Commercial_Acceptance":{"runAfter":{},"type":"OpenApiConnection","inputs":{"host":{"apiId":"/providers/Microsoft.PowerApps/apis/shared_sendmail","connectionName":"shared_sendmail","operationId":"SendEmailV3"},"parameters":{"request/to":"canada.malunga@masimbagroup.com;","request/subject":"NC [@{triggerOutputs()?['body/Title']}] ALERT","request/text":"<p>Dear Mr Malunga<br>\n<br>\nKindly note that the NC [@{triggerOutputs()?['body/Title']}] has been accepted and is now awaiting investigation.<br>\n<br>\nComments (if any):@{items('Apply_to_each_13')?['comments']}</p>"},"authentication":"@parameters('$authentication')"}}}},"Case_10":{"case":"Human Capital","actions":{"Human_Capital_Acceptance":{"runAfter":{},"type":"OpenApiConnection","inputs":{"host":{"apiId":"/providers/Microsoft.PowerApps/apis/shared_sendmail","connectionName":"shared_sendmail","operationId":"SendEmailV3"},"parameters":{"request/to":"canada.malunga@masimbagroup.com;","request/subject":"NC [@{triggerOutputs()?['body/Title']}] ALERT","request/text":"<p>Dear Mr Malunga<br>\n<br>\nKindly note that the NC [@{triggerOutputs()?['body/Title']}] has been accepted and is now awaiting investigation.<br>\n<br>\nComments (if any):@{items('Apply_to_each_13')?['comments']}</p>"},"authentication":"@parameters('$authentication')"}}}},"Case_11":{"case":"SHEQ","actions":{"SHEQ_Acceptance":{"runAfter":{},"type":"OpenApiConnection","inputs":{"host":{"apiId":"/providers/Microsoft.PowerApps/apis/shared_sendmail","connectionName":"shared_sendmail","operationId":"SendEmailV3"},"parameters":{"request/to":"canada.malunga@masimbagroup.com;","request/subject":"NC [@{triggerOutputs()?['body/Title']}] ALERT","request/text":"<p>Dear Mr Malunga<br>\n<br>\nKindly note that the NC [@{triggerOutputs()?['body/Title']}] has been accepted and is now awaiting investigation.<br>\n<br>\nComments (if any):@{items('Apply_to_each_13')?['comments']}</p>"},"authentication":"@parameters('$authentication')"}}}},"Case_12":{"case":"Plant & Transport","actions":{"Plant_and_Transport_Acceptance":{"runAfter":{},"type":"OpenApiConnection","inputs":{"host":{"apiId":"/providers/Microsoft.PowerApps/apis/shared_sendmail","connectionName":"shared_sendmail","operationId":"SendEmailV3"},"parameters":{"request/to":"canada.malunga@masimbagroup.com;","request/subject":"NC [@{triggerOutputs()?['body/Title']}] ALERT","request/text":"<p>Dear Mr Malunga<br>\n<br>\nKindly note that the NC [@{triggerOutputs()?['body/Title']}] has been accepted and is now awaiting investigation.<br>\n<br>\nComments (if any):@{items('Apply_to_each_13')?['comments']}</p>"},"authentication":"@parameters('$authentication')"}}}},"Case_13":{"case":"Yard","actions":{"Yard_Acceptance":{"runAfter":{},"type":"OpenApiConnection","inputs":{"host":{"apiId":"/providers/Microsoft.PowerApps/apis/shared_sendmail","connectionName":"shared_sendmail","operationId":"SendEmailV3"},"parameters":{"request/to":"canada.malunga@masimbagroup.com;","request/subject":"NC [@{triggerOutputs()?['body/Title']}] ALERT","request/text":"<p>Dear MrMalunga<br>\n<br>\nKindly note that the NC [@{triggerOutputs()?['body/Title']}] has been accepted and is now awaiting investigation.<br>\n<br>\nComments (if any):@{items('Apply_to_each_13')?['comments']}</p>"},"authentication":"@parameters('$authentication')"}}}},"Case_14":{"case":"Internal Audit","actions":{"Internal_Audit_Acceptance":{"runAfter":{},"type":"OpenApiConnection","inputs":{"host":{"apiId":"/providers/Microsoft.PowerApps/apis/shared_sendmail","connectionName":"shared_sendmail","operationId":"SendEmailV3"},"parameters":{"request/to":"canada.malunga@masimbagroup.com","request/subject":"NC [@{triggerOutputs()?['body/Title']}] ALERT","request/text":"<p>Dear Mr Malunga<br>\n<br>\nKindly note that the NC [@{triggerOutputs()?['body/Title']}] has been accepted and is now awaiting investigation.<br>\n<br>\nComments (if any):@{items('Apply_to_each_13')?['comments']}</p>"},"authentication":"@parameters('$authentication')"}}}},"Case_15":{"case":"Operations","actions":{"Operations_Acceptance":{"runAfter":{},"type":"OpenApiConnection","inputs":{"host":{"apiId":"/providers/Microsoft.PowerApps/apis/shared_sendmail","connectionName":"shared_sendmail","operationId":"SendEmailV3"},"parameters":{"request/to":"moffat.nyamhingura@masimbagroup.com","request/subject":"NC [@{triggerOutputs()?['body/Title']}] ALERT","request/text":"<p>Dear Mr Nyamhingura<br>\n<br>\nKindly note that the NC [@{triggerOutputs()?['body/Title']}] has been accepted and is now awaiting investigation.<br>\n<br>\nComments (if any):@{items('Apply_to_each_13')?['comments']}</p>"},"authentication":"@parameters('$authentication')"}}}},"Case_16":{"case":"Fabrication","actions":{"Fabrication_Acceptance":{"runAfter":{},"type":"OpenApiConnection","inputs":{"host":{"apiId":"/providers/Microsoft.PowerApps/apis/shared_sendmail","connectionName":"shared_sendmail","operationId":"SendEmailV3"},"parameters":{"request/to":"moffat.nyamhingura@masimbagroup.com","request/subject":"NC [@{triggerOutputs()?['body/Title']}] ALERT","request/text":"<p>Dear Mr Nyamhingura<br>\n<br>\nKindly note that the NC [@{triggerOutputs()?['body/Title']}] has been accepted and is now awaiting investigation.<br>\n<br>\nComments (if any):@{items('Apply_to_each_13')?['comments']}</p>"},"authentication":"@parameters('$authentication')"}}}}},"default":{"actions":{}},"expression":"@triggerOutputs()?['body/Receiving_x0020_Department/Value']","type":"Switch"},"Investigation_Status":{"runAfter":{"Raiser_Notification_of_Acceptance":["Succeeded"]},"type":"OpenApiConnection","inputs":{"host":{"apiId":"/providers/Microsoft.PowerApps/apis/shared_sharepointonline","connectionName":"shared_sharepointonline","operationId":"PatchItem"},"parameters":{"dataset":"https://masimbagroupzim.sharepoint.com/sites/SHEQSupport","table":"0937eef6-618f-4b1b-abf9-5feebc5d47a8","id":"@triggerOutputs()?['body/ID']","item/Title":"@triggerOutputs()?['body/Title']","item/Date_x0020_and_x0020_Time":"@triggerOutputs()?['body/Date_x0020_and_x0020_Time']","item/NC_x0020_status/Value":"Investigation","item/NC_Status/Value":"Investigation"},"authentication":"@parameters('$authentication')"}},"Raiser_Notification_of_Acceptance":{"runAfter":{"SHEQ_Notification_of_Acceptance":["Succeeded"]},"type":"OpenApiConnection","inputs":{"host":{"apiId":"/providers/Microsoft.PowerApps/apis/shared_sendmail","connectionName":"shared_sendmail","operationId":"SendEmailV3"},"parameters":{"request/to":"@{triggerOutputs()?['body/Raised_x0020_By/Email']};","request/subject":"NC [@{triggerOutputs()?['body/Title']}] ALERT","request/text":"<p>Dear @{triggerOutputs()?['body/Raised_x0020_By/DisplayName']}<br>\n<br>\nKindly note that the NC [@{triggerOutputs()?['body/Title']}] has been accepted by @{triggerOutputs()?['body/Assigned_x0020_To/DisplayName']}. Proceed with setting up an investigation and closure dates.</p>"},"authentication":"@parameters('$authentication')"}},"SHEQ_Notification_of_Acceptance":{"runAfter":{"Switch_3":["Succeeded"]},"type":"OpenApiConnection","inputs":{"host":{"apiId":"/providers/Microsoft.PowerApps/apis/shared_sendmail","connectionName":"shared_sendmail","operationId":"SendEmailV3"},"parameters":{"request/to":"Kevin.Nyabereka@masimbagroup.com;Hilda.Dube@masimbagroup.com;parerenyatwa.chipiro@masimbagroup.com;","request/subject":"NC [@{triggerOutputs()?['body/Title']}","request/text":"<p>Dear SHEQ<br>\n<br>\nKindly note that the NC [@{triggerOutputs()?['body/Title']}] has been accepted by @{triggerOutputs()?['body/Assigned_x0020_To/DisplayName']}. Proceed with setting up an investigation and closure dates.</p>"},"authentication":"@parameters('$authentication')"}}}},"DECLINE_NC":{"case":"DECLINE NC","actions":{"Queried_Status":{"runAfter":{"Raiser_Notification_of_Denial":["Succeeded"]},"type":"OpenApiConnection","inputs":{"host":{"apiId":"/providers/Microsoft.PowerApps/apis/shared_sharepointonline","connectionName":"shared_sharepointonline","operationId":"PatchItem"},"parameters":{"dataset":"https://masimbagroupzim.sharepoint.com/sites/SHEQSupport","table":"0937eef6-618f-4b1b-abf9-5feebc5d47a8","id":"@triggerOutputs()?['body/ID']","item/Title":"@triggerOutputs()?['body/Title']","item/Date_x0020_and_x0020_Time":"@triggerOutputs()?['body/Date_x0020_and_x0020_Time']","item/NC_x0020_status/Value":"Queried","item/NC_Status/Value":"Queried"},"authentication":"@parameters('$authentication')"}},"SHEQ_Review":{"runAfter":{"Queried_Status":["Succeeded"]},"type":"OpenApiConnectionWebhook","inputs":{"host":{"apiId":"/providers/Microsoft.PowerApps/apis/shared_approvals","connectionName":"shared_approvals","operationId":"StartAndWaitForAnApproval"},"parameters":{"approvalType":"CustomResponse","WebhookApprovalCreationInput/responseOptions":["Valid","Invalid"],"WebhookApprovalCreationInput/title":"SHEQ REVIEW @{triggerOutputs()?['body/Title']}","WebhookApprovalCreationInput/assignedTo":"Kevin.Nyabereka@masimbagroup.com;Hilda.Dube@masimbagroup.com;parerenyatwa.chipiro@masimbagroup.com","WebhookApprovalCreationInput/details":"Dear SHEQ\nThe NC [@{triggerOutputs()?['body/Title']}] is awaiting your approval. Kindly review.\n\nClick th link below to view the NC","WebhookApprovalCreationInput/itemLink":"@triggerOutputs()?['body/{Link}']","WebhookApprovalCreationInput/enableNotifications":true,"WebhookApprovalCreationInput/enableReassignment":true},"authentication":"@parameters('$authentication')"}},"Switch_5":{"runAfter":{"SHEQ_Review":["Succeeded"]},"cases":{"Valid":{"case":"Valid","actions":{"Apply_to_each_14":{"foreach":"@outputs('SHEQ_Review')?['body/responses']","actions":{"SHEQ_Review_Notification_to_Raisee_and_Assignee":{"runAfter":{},"type":"OpenApiConnection","inputs":{"host":{"apiId":"/providers/Microsoft.PowerApps/apis/shared_sendmail","connectionName":"shared_sendmail","operationId":"SendEmailV3"},"parameters":{"request/to":"@{triggerOutputs()?['body/Assigned_x0020_To/Email']};@{triggerOutputs()?['body/Raised_x0020_By/Email']};","request/subject":"NC [@{triggerOutputs()?['body/Title']}] ALERT","request/text":"<p>Dear All<br>\n<br>\nThe NC [@{triggerOutputs()?['body/Title']}] is valid. See SHEQ comment below and proceed to investigation.<br>\n<br>\nSHEQ comment : @{items('Apply_to_each_14')?['comments']}.</p>"},"authentication":"@parameters('$authentication')"}}},"runAfter":{},"type":"Foreach"},"Apply_to_each_15":{"foreach":"@outputs('SHEQ_Review')?['body/responses']","actions":{"Investigation_After_Sheq_review":{"runAfter":{},"type":"OpenApiConnection","inputs":{"host":{"apiId":"/providers/Microsoft.PowerApps/apis/shared_sharepointonline","connectionName":"shared_sharepointonline","operationId":"PatchItem"},"parameters":{"dataset":"https://masimbagroupzim.sharepoint.com/sites/SHEQSupport","table":"0937eef6-618f-4b1b-abf9-5feebc5d47a8","id":"@triggerOutputs()?['body/ID']","item/Title":"@triggerOutputs()?['body/Title']","item/Date_x0020_and_x0020_Time":"@triggerOutputs()?['body/Date_x0020_and_x0020_Time']","item/NC_x0020_status/Value":"Investigation","item/SHEQ_x0020_Comment":"@items('Apply_to_each_15')?['comments']","item/NC_Status/Value":"Investigation"},"authentication":"@parameters('$authentication')"}}},"runAfter":{"Switch_6":["Succeeded"]},"type":"Foreach"},"Switch_6":{"runAfter":{"Apply_to_each_14":["Succeeded"]},"cases":{"Case":{"case":"Accounts","actions":{"Apply_to_each":{"foreach":"@outputs('SHEQ_Review')?['body/responses']","actions":{"SHEQ_review_notify_Accounts":{"runAfter":{},"type":"OpenApiConnection","inputs":{"host":{"apiId":"/providers/Microsoft.PowerApps/apis/shared_sendmail","connectionName":"shared_sendmail","operationId":"SendEmailV3"},"parameters":{"request/to":"agnes.makamure@masimbagroup.com","request/subject":"NC [@{triggerOutputs()?['body/Title']}] ALERT","request/text":"<p>Dear Mrs Makamure<br>\n<br>\nKindly note that the NC [@{triggerOutputs()?['body/Title']}] has been reviewed by SHEQ and has been deemed valid. Investigations are underway, see SHEQ comment below.<br>\n<br>\nSHEQ comments (if any): @{items('Apply_to_each')?['comments']}</p>"},"authentication":"@parameters('$authentication')"}}},"runAfter":{},"type":"Foreach"}}},"Case_2":{"case":"Procurement","actions":{"Apply_to_each_2":{"foreach":"@outputs('SHEQ_Review')?['body/responses']","actions":{"SHEQ_Review_Notify_Procurement":{"runAfter":{},"type":"OpenApiConnection","inputs":{"host":{"apiId":"/providers/Microsoft.PowerApps/apis/shared_sendmail","connectionName":"shared_sendmail","operationId":"SendEmailV3"},"parameters":{"request/to":"agnes.makamure@masimbagroup.com","request/subject":"NC [@{triggerOutputs()?['body/Title']}] ALERT","request/text":"<p>Dear Mrs Makamure<br>\n<br>\nKindly note that the NC [@{triggerOutputs()?['body/Title']}] has been reviewed by SHEQ and has been deemed valid. Investigations are underway, see SHEQ comment below.<br>\n<br>\nSHEQ comments (if any): @{items('Apply_to_each_2')?['comments']}</p>"},"authentication":"@parameters('$authentication')"}}},"runAfter":{},"type":"Foreach"}}},"Case_3":{"case":"IT","actions":{"Apply_to_each_3":{"foreach":"@outputs('SHEQ_Review')?['body/responses']","actions":{"SHEQ_Review_Notify_IT":{"runAfter":{},"type":"OpenApiConnection","inputs":{"host":{"apiId":"/providers/Microsoft.PowerApps/apis/shared_sendmail","connectionName":"shared_sendmail","operationId":"SendEmailV3"},"parameters":{"request/to":"agnes.makamure@masimbagroup.com;","request/subject":"NC [@{triggerOutputs()?['body/Title']}] ALERT","request/text":"<p>Dear Mrs. Makamure<br>\n<br>\nKindly note that the NC [@{triggerOutputs()?['body/Title']}] has been reviewed by SHEQ and has been deemed valid. Investigations are underway, see SHEQ comment below<br>\nSHEQ comments (if any): @{items('Apply_to_each_3')?['comments']}</p>"},"authentication":"@parameters('$authentication')"}}},"runAfter":{},"type":"Foreach"}}},"Case_4":{"case":"Salaries","actions":{"Apply_to_each_4":{"foreach":"@outputs('SHEQ_Review')?['body/responses']","actions":{"SHEQ_Review_Notify_Salaries":{"runAfter":{},"type":"OpenApiConnection","inputs":{"host":{"apiId":"/providers/Microsoft.PowerApps/apis/shared_sendmail","connectionName":"shared_sendmail","operationId":"SendEmailV3"},"parameters":{"request/to":"agnes.makamure@masimbagroup.com;","request/subject":"NC [@{triggerOutputs()?['body/Title']}] ALERT","request/text":"<p>Dear Mrs Makamure<br>\n<br>\nKindly note that the NC [@{triggerOutputs()?['body/Title']}] has been reviewed by SHEQ and has been deemed valid. Investigations are underway, see SHEQ comment below<br>\nSHEQ comments (if any): @{items('Apply_to_each_4')?['comments']}</p>"},"authentication":"@parameters('$authentication')"}}},"runAfter":{},"type":"Foreach"}}},"Case_5":{"case":"Security","actions":{"Apply_to_each_5":{"foreach":"@outputs('SHEQ_Review')?['body/responses']","actions":{"SHEQ_Review_Notify_Security":{"runAfter":{},"type":"OpenApiConnection","inputs":{"host":{"apiId":"/providers/Microsoft.PowerApps/apis/shared_sendmail","connectionName":"shared_sendmail","operationId":"SendEmailV3"},"parameters":{"request/to":"agnes.makamure@masimbagroup.com;","request/subject":"NC [@{triggerOutputs()?['body/Title']}] ALERT","request/text":"<p>Dear Mrs Makamure<br>\n<br>\nKindly note that the NC [@{triggerOutputs()?['body/Title']}] has been reviewed by SHEQ and has been deemed valid. Investigations are underway, see SHEQ comment below<br>\nSHEQ comments (if any): @{items('Apply_to_each_5')?['comments']}</p>"},"authentication":"@parameters('$authentication')"}}},"runAfter":{},"type":"Foreach"}}},"Case_6":{"case":"Adminstration","actions":{"Apply_to_each_6":{"foreach":"@outputs('SHEQ_Review')?['body/responses']","actions":{"SHEQ_Review_Notify_Admin":{"runAfter":{},"type":"OpenApiConnection","inputs":{"host":{"apiId":"/providers/Microsoft.PowerApps/apis/shared_sendmail","connectionName":"shared_sendmail","operationId":"SendEmailV3"},"parameters":{"request/to":"canada.malunga@masimbagroup.com;","request/subject":"NC [@{triggerOutputs()?['body/Title']}] ALERT","request/text":"<p>Dear Mrs Makamure<br>\n<br>\nKindly note that the NC [@{triggerOutputs()?['body/Title']}] has been reviewed by SHEQ and has been deemed valid. Investigations are underway, see SHEQ comment below<br>\nSHEQ comments (if any): @{items('Apply_to_each_6')?['comments']}</p>"},"authentication":"@parameters('$authentication')"}}},"runAfter":{},"type":"Foreach"}}},"Case_7":{"case":"CEO's Office","actions":{"Apply_to_each_7":{"foreach":"@outputs('SHEQ_Review')?['body/responses']","actions":{"Send_an_email_notification_(V3)":{"runAfter":{},"type":"OpenApiConnection","inputs":{"host":{"apiId":"/providers/Microsoft.PowerApps/apis/shared_sendmail","connectionName":"shared_sendmail","operationId":"SendEmailV3"},"parameters":{"request/to":"canada.malunga@masimbagroup.com;","request/subject":"NC [@{triggerOutputs()?['body/Title']}] ALERT","request/text":"<p>Dear MrMalunga<br>\n<br>\nKindly note that the NC [@{triggerOutputs()?['body/Title']}] has been reviewed by SHEQ and has been deemed valid. Investigations are underway, see SHEQ comment below<br>\nSHEQ comments (if any): @{items('Apply_to_each_7')?['comments']}</p>"},"authentication":"@parameters('$authentication')"}}},"runAfter":{},"type":"Foreach"}}},"Case_8":{"case":"Branding & Marketing","actions":{"SHEQ_Review_Notify_Branding_and_Marketing":{"runAfter":{},"type":"OpenApiConnection","inputs":{"host":{"apiId":"/providers/Microsoft.PowerApps/apis/shared_sendmail","connectionName":"shared_sendmail","operationId":"SendEmailV3"},"parameters":{"request/to":"canada.malunga@masimbagroup.com;","request/subject":"NC [@{triggerOutputs()?['body/Title']}] ALERT","request/text":"<p>Dear Mr Malunga<br>\n<br>\nKindly note that the NC [@{triggerOutputs()?['body/Title']}] has been reviewed by SHEQ and has been deemed valid. Investigations are underway, see SHEQ comment below<br>\n<br>\nSHEQ comments (if any): @{items('Apply_to_each_13')?['comments']}</p>"},"authentication":"@parameters('$authentication')"}}}},"Case_9":{"case":"Yard","actions":{"Apply_to_each_8":{"foreach":"@outputs('SHEQ_Review')?['body/responses']","actions":{"SHEQ_Review_Notify_Yard":{"runAfter":{},"type":"OpenApiConnection","inputs":{"host":{"apiId":"/providers/Microsoft.PowerApps/apis/shared_sendmail","connectionName":"shared_sendmail","operationId":"SendEmailV3"},"parameters":{"request/to":"canada.malunga@masimbagroup.com;","request/subject":"NC [@{triggerOutputs()?['body/Title']}] ALERT","request/text":"<p>Dear Mr Malunga<br>\n<br>\nKindly note that the NC [@{triggerOutputs()?['body/Title']}] has been reviewed by SHEQ and has been deemed valid. Investigations are underway, see SHEQ comment below<br>\nSHEQ comments (if any): @{items('Apply_to_each_8')?['comments']}</p>"},"authentication":"@parameters('$authentication')"}}},"runAfter":{},"type":"Foreach"}}},"Case_10":{"case":"Human Capital","actions":{"Apply_to_each_9":{"foreach":"@outputs('SHEQ_Review')?['body/responses']","actions":{"SHEQ_Review_Notify_Human_Capital":{"runAfter":{},"type":"OpenApiConnection","inputs":{"host":{"apiId":"/providers/Microsoft.PowerApps/apis/shared_sendmail","connectionName":"shared_sendmail","operationId":"SendEmailV3"},"parameters":{"request/to":"canada.malunga@masimbagroup.com;","request/subject":"NC [@{triggerOutputs()?['body/Title']}] ALERT","request/text":"<p>Dear Mr Malunga<br>\n<br>\nKindly note that the NC [@{triggerOutputs()?['body/Title']}] has been reviewed by SHEQ and has been deemed valid. Investigations are underway, see SHEQ comment below<br>\n<br>\nSHEQ comments (if any): @{items('Apply_to_each_9')?['comments']}</p>"},"authentication":"@parameters('$authentication')"}}},"runAfter":{},"type":"Foreach"}}},"Case_11":{"case":"Operations","actions":{"Apply_to_each_10":{"foreach":"@outputs('SHEQ_Review')?['body/responses']","actions":{"SHEQ_Review_Notify_Operation":{"runAfter":{},"type":"OpenApiConnection","inputs":{"host":{"apiId":"/providers/Microsoft.PowerApps/apis/shared_sendmail","connectionName":"shared_sendmail","operationId":"SendEmailV3"},"parameters":{"request/to":"moffat.nyamhingura@masimbagroup.com;","request/subject":"NC [@{outputs('Get_item')?['body/Title']}] ALERT","request/text":"<p>Dear Mr Nyamhimgura<br>\n<br>\nKindly note that the NC [@{triggerOutputs()?['body/Title']}] has been reviewed by SHEQ and has been deemed valid. Investigations are underway, see SHEQ comment below<br>\nSHEQ comments (if any): @{items('Apply_to_each_10')?['comments']}</p>"},"authentication":"@parameters('$authentication')"}}},"runAfter":{},"type":"Foreach"}}},"Case_12":{"case":"Commercial","actions":{"Apply_to_each_11":{"foreach":"@outputs('SHEQ_Review')?['body/responses']","actions":{"SHEQ_Review_Notify_Commercial":{"runAfter":{},"type":"OpenApiConnection","inputs":{"host":{"apiId":"/providers/Microsoft.PowerApps/apis/shared_sendmail","connectionName":"shared_sendmail","operationId":"SendEmailV3"},"parameters":{"request/to":"canada.malunga@masimbagroup.com;","request/subject":"NC [@{triggerOutputs()?['body/Title']}] ALERT","request/text":"<p>Dear Mr Malunga<br>\n<br>\nKindly note that the NC [@{triggerOutputs()?['body/Title']}] has been reviewed by SHEQ and has been deemed valid. Investigations are underway, see SHEQ comment below<br>\nSHEQ comments (if any): @{items('Apply_to_each_11')?['comments']}</p>"},"authentication":"@parameters('$authentication')"}}},"runAfter":{},"type":"Foreach"}}},"Case_13":{"case":"Fabrication","actions":{"Apply_to_each_12":{"foreach":"@outputs('SHEQ_Review')?['body/responses']","actions":{"SHEQ_Review_Notify_Fabrication":{"runAfter":{},"type":"OpenApiConnection","inputs":{"host":{"apiId":"/providers/Microsoft.PowerApps/apis/shared_sendmail","connectionName":"shared_sendmail","operationId":"SendEmailV3"},"parameters":{"request/to":"moffat.nyamhingura@masimbagroup.com;","request/subject":"NC [@{triggerOutputs()?['body/Title']}] ALERT","request/text":"<p>Dear Mr Nyamhingura<br>\n<br>\nKindly note that the NC [@{triggerOutputs()?['body/Title']}] has been reviewed by SHEQ and has been deemed valid. Investigations are underway, see SHEQ comment below<br>\nSHEQ comments (if any): @{items('Apply_to_each_12')?['comments']}</p>"},"authentication":"@parameters('$authentication')"}}},"runAfter":{},"type":"Foreach"}}},"Case_14":{"case":"Plant & Transport","actions":{"Apply_to_each_18":{"foreach":"@outputs('SHEQ_Review')?['body/responses']","actions":{"SHEQ_Review_Notify_Plant_and_Transport":{"runAfter":{},"type":"OpenApiConnection","inputs":{"host":{"apiId":"/providers/Microsoft.PowerApps/apis/shared_sendmail","connectionName":"shared_sendmail","operationId":"SendEmailV3"},"parameters":{"request/to":"canada.malunga@masimbagroup.com;","request/subject":"NC [@{triggerOutputs()?['body/Title']}] ALERT","request/text":"<p>Dear Mr Malunga<br>\n<br>\nKindly note that the NC [@{triggerOutputs()?['body/Title']}] has been reviewed by SHEQ and has been deemed valid. Investigations are underway, see SHEQ comment below<br>\nSHEQ comments (if any): @{items('Apply_to_each_18')?['comments']}</p>"},"authentication":"@parameters('$authentication')"}}},"runAfter":{},"type":"Foreach"}}},"Case_15":{"case":"SHEQ","actions":{"Apply_to_each_19":{"foreach":"@outputs('SHEQ_Review')?['body/responses']","actions":{"SHEQ_Notify_SHEQ_Director":{"runAfter":{},"type":"OpenApiConnection","inputs":{"host":{"apiId":"/providers/Microsoft.PowerApps/apis/shared_sendmail","connectionName":"shared_sendmail","operationId":"SendEmailV3"},"parameters":{"request/to":"canada.malunga@masimbagroup.com;","request/subject":"NC [@{triggerOutputs()?['body/Title']}] ALERT","request/text":"<p>Dear Mr Malunga<br>\n<br>\nKindly note that the NC [@{triggerOutputs()?['body/Title']}] has been reviewed by SHEQ and has been deemed valid. Investigations are underway, see SHEQ comment below<br>\n<br>\nSHEQ comments (if any): @{items('Apply_to_each_19')?['comments']}</p>"},"authentication":"@parameters('$authentication')"}}},"runAfter":{},"type":"Foreach"}}},"Case_16":{"case":"Internal Audit","actions":{"Apply_to_each_20":{"foreach":"@outputs('SHEQ_Review')?['body/responses']","actions":{"SHEQ_Review_Notify_Internal_Audit":{"runAfter":{},"type":"OpenApiConnection","inputs":{"host":{"apiId":"/providers/Microsoft.PowerApps/apis/shared_sendmail","connectionName":"shared_sendmail","operationId":"SendEmailV3"},"parameters":{"request/to":"canada.malunga@masimbagroup.com","request/subject":"NC [@{triggerOutputs()?['body/Title']}] ALERT","request/text":"<p>Dear Mr Malunga<br>\n<br>\nKindly note that the NC [@{triggerOutputs()?['body/Title']}] has been reviewed by SHEQ and has been deemed valid. Investigations are underway, see SHEQ comment below<br>\n<br>\nSHEQ comments (if any): @{items('Apply_to_each_20')?['comments']}</p>"},"authentication":"@parameters('$authentication')"}}},"runAfter":{},"type":"Foreach"}}}},"default":{"actions":{}},"expression":"@triggerOutputs()?['body/Receiving_x0020_Department/Value']","type":"Switch"}}},"Invalid":{"case":"Invalid","actions":{"Apply_to_each_16":{"foreach":"@outputs('SHEQ_Review')?['body/responses']","actions":{"SHEQ_Review_Notification_Invalid":{"runAfter":{},"type":"OpenApiConnection","inputs":{"host":{"apiId":"/providers/Microsoft.PowerApps/apis/shared_sendmail","connectionName":"shared_sendmail","operationId":"SendEmailV3"},"parameters":{"request/to":"@{triggerOutputs()?['body/Assigned_x0020_To/Email']};@{triggerOutputs()?['body/Raised_x0020_By/Email']};","request/subject":"NC [@{triggerOutputs()?['body/Title']}] ALERT","request/text":"<p>Dear ALL<br>\n<br>\nThe NC is Invalid, be guided by SHEQ comments below.<br>\n<br>\nCOMMENT ; @{items('Apply_to_each_16')?['comments']}.</p>"},"authentication":"@parameters('$authentication')"}}},"runAfter":{},"type":"Foreach"},"Apply_to_each_17":{"foreach":"@outputs('SHEQ_Review')?['body/responses']","actions":{"Update_item":{"runAfter":{},"type":"OpenApiConnection","inputs":{"host":{"apiId":"/providers/Microsoft.PowerApps/apis/shared_sharepointonline","connectionName":"shared_sharepointonline","operationId":"PatchItem"},"parameters":{"dataset":"https://masimbagroupzim.sharepoint.com/sites/SHEQSupport","table":"0937eef6-618f-4b1b-abf9-5feebc5d47a8","id":"@triggerOutputs()?['body/ID']","item/Title":"@triggerOutputs()?['body/Title']","item/Date_x0020_and_x0020_Time":"@triggerOutputs()?['body/Date_x0020_and_x0020_Time']","item/NC_x0020_status/Value":"Invalid","item/SHEQ_x0020_Comment":"@items('Apply_to_each_17')?['comments']","item/NC_Status/Value":"Invalid"},"authentication":"@parameters('$authentication')"}}},"runAfter":{"Condition":["Succeeded"]},"type":"Foreach"},"Condition":{"actions":{"Apply_to_each_21":{"foreach":"@outputs('SHEQ_Review')?['body/responses']","actions":{"Notify_Mr_Nyamhingura":{"runAfter":{},"type":"OpenApiConnection","inputs":{"host":{"apiId":"/providers/Microsoft.PowerApps/apis/shared_sendmail","connectionName":"shared_sendmail","operationId":"SendEmailV3"},"parameters":{"request/to":"moffat.nyamhingura@masimbagroup.com;","request/subject":"NC [@{triggerOutputs()?['body/Title']}] ALERT","request/text":"<p>Dear Mr Nyamhingura<br>\n<br>\nKindly note that the NC [@{triggerOutputs()?['body/Title']}] has been reviewed by SHEQ and has been deemed invalid. See SHEQ comment below<br>\n<br>\nSHEQ comments (if any): @{items('Apply_to_each_21')?['comments']}</p>"},"authentication":"@parameters('$authentication')"}}},"runAfter":{},"type":"Foreach"}},"runAfter":{"Apply_to_each_16":["Succeeded"]},"else":{"actions":{"Condition_2":{"actions":{"Apply_to_each_22":{"foreach":"@outputs('SHEQ_Review')?['body/responses']","actions":{"Send_an_email_notification_(V3)_2":{"runAfter":{},"type":"OpenApiConnection","inputs":{"host":{"apiId":"/providers/Microsoft.PowerApps/apis/shared_sendmail","connectionName":"shared_sendmail","operationId":"SendEmailV3"},"parameters":{"request/to":"canada.malunga@masimbagroup.com;","request/subject":"NC [@{triggerOutputs()?['body/Title']}] ALERT","request/text":"<p>Dear Mr Malunga<br>\n<br>\nKindly note that the NC [@{triggerOutputs()?['body/Title']}] has been reviewed by SHEQ and has been deemed invalid. See SHEQ comment below<br>\n<br>\nSHEQ comments (if any): @{items('Apply_to_each_22')?['comments']}</p>"},"authentication":"@parameters('$authentication')"}}},"runAfter":{},"type":"Foreach"}},"runAfter":{},"else":{"actions":{"Apply_to_each_23":{"foreach":"@outputs('SHEQ_Review')?['body/responses']","actions":{"Send_an_email_notification_(V3)_3":{"runAfter":{},"type":"OpenApiConnection","inputs":{"host":{"apiId":"/providers/Microsoft.PowerApps/apis/shared_sendmail","connectionName":"shared_sendmail","operationId":"SendEmailV3"},"parameters":{"request/to":"agnes.makamure@masimbagroup.com;","request/subject":"NC [@{triggerOutputs()?['body/Title']}] ALERT","request/text":"<p>Dear Mrs. Makamure<br>\n<br>\nKindly note that the NC [@{triggerOutputs()?['body/Title']}] has been reviewed by SHEQ and has been deemed invalid. See SHEQ comment below<br>\n<br>\nSHEQ comments (if any): @{items('Apply_to_each_23')?['comments']}</p>"},"authentication":"@parameters('$authentication')"}}},"runAfter":{},"type":"Foreach"}}},"expression":{"or":[{"contains":["@triggerOutputs()?['body/Receiving_x0020_Department/Value']","CEO's Office;"]},{"contains":["@triggerOutputs()?['body/Receiving_x0020_Department/Value']","Branding & Marketing"]},{"contains":["@triggerOutputs()?['body/Receiving_x0020_Department/Value']","Commercial"]},{"contains":["@triggerOutputs()?['body/Receiving_x0020_Department/Value']","Yard"]},{"contains":["@triggerOutputs()?['body/Receiving_x0020_Department/Value']","Human Capital"]},{"contains":["@triggerOutputs()?['body/Receiving_x0020_Department/Value']","Plang & Transport"]},{"contains":["@triggerOutputs()?['body/Receiving_x0020_Department/Value']","Internal Audit"]},{"contains":["@triggerOutputs()?['body/Receiving_x0020_Department/Value']","SHEQ"]}]},"type":"If"}}},"expression":{"or":[{"contains":["@triggerOutputs()?['body/Originating_x0020_Department/Value']","Fabrication"]},{"contains":["@triggerOutputs()?['body/Originating_x0020_Department/Value']","Operations"]}]},"type":"If"}}}},"default":{"actions":{}},"expression":"@outputs('SHEQ_Review')?['body/outcome']","type":"Switch"},"Raiser_Notification_of_Denial":{"runAfter":{"Condition_5":["Succeeded"]},"type":"OpenApiConnection","inputs":{"host":{"apiId":"/providers/Microsoft.PowerApps/apis/shared_sendmail","connectionName":"shared_sendmail","operationId":"SendEmailV3"},"parameters":{"request/to":"@{triggerOutputs()?['body/Raised_x0020_By/Email']};","request/subject":"NC [@{triggerOutputs()?['body/Title']}] ALERT","request/text":"<p><span style=\"font-family: arial; font-size: 11px\">Dear </span><span style=\"font-family: arial; font-size: 11px\">@{triggerOutputs()?['body/Raised_x0020_By/DisplayName']}</span><span style=\"font-family: arial; font-size: 11px\">.<br>\n<br>\nKindly note that the NC [</span><span style=\"font-family: arial; font-size: 11px\">@{triggerOutputs()?['body/Title']}</span><span style=\"font-family: arial; font-size: 11px\">] has been denied by </span><span style=\"font-family: arial; font-size: 11px\">@{triggerOutputs()?['body/Assigned_x0020_To/DisplayName']}</span><span style=\"font-family: arial; font-size: 11px\">. Kindly wait for SHEQ to review the validity and be advised.</span></p>"},"authentication":"@parameters('$authentication')"}},"Condition_5":{"actions":{"Send_an_email_notification_(V3)_6":{"runAfter":{},"type":"OpenApiConnection","inputs":{"host":{"apiId":"/providers/Microsoft.PowerApps/apis/shared_sendmail","connectionName":"shared_sendmail","operationId":"SendEmailV3"},"parameters":{"request/to":"moffat.nyamhingura@masimbagroup.com","request/subject":"NC [@{triggerOutputs()?['body/Title']}] ALERT","request/text":"<p>Dear Mr Nyamhingura<br>\n<br>\nKindly note that the NC [@{triggerOutputs()?['body/Title']}] has been denied &nbsp;by @{triggerOutputs()?['body/Assigned_x0020_To/DisplayName']}.<br>\n<br>\nSee comment below.<br>\nComment (If any): @{items('Apply_to_each_13')?['comments']}</p>"},"authentication":"@parameters('$authentication')"}}},"runAfter":{},"else":{"actions":{"Condition_6":{"actions":{"Send_an_email_notification_(V3)_7":{"runAfter":{},"type":"OpenApiConnection","inputs":{"host":{"apiId":"/providers/Microsoft.PowerApps/apis/shared_sendmail","connectionName":"shared_sendmail","operationId":"SendEmailV3"},"parameters":{"request/to":"agnes.makamure@masimbagroup.com;","request/subject":"NC [@{triggerOutputs()?['body/Title']}]ALERT","request/text":"<p>Dear Mrs. Makamure<br>\n<br>\nKindly note that the NC [@{triggerOutputs()?['body/Title']}] has been denied &nbsp;by @{triggerOutputs()?['body/Assigned_x0020_To/DisplayName']}.<br>\n<br>\nSee comment below.<br>\nComment (If any): @{items('Apply_to_each_13')?['comments']}</p>"},"authentication":"@parameters('$authentication')"}}},"runAfter":{},"else":{"actions":{"Send_an_email_notification_(V3)_8":{"runAfter":{},"type":"OpenApiConnection","inputs":{"host":{"apiId":"/providers/Microsoft.PowerApps/apis/shared_sendmail","connectionName":"shared_sendmail","operationId":"SendEmailV3"},"parameters":{"request/to":"canada.malunga@masimbagroup.com;","request/subject":"NC [@{triggerOutputs()?['body/Title']}] ALERT","request/text":"<p>Dear Mr Malunga.<br>\n<br>\nKindly note that the NC [@{triggerOutputs()?['body/Title']}] has been denied &nbsp;by @{triggerOutputs()?['body/Assigned_x0020_To/DisplayName']}.<br>\n<br>\nSee comment below.<br>\nComment (If any): @{items('Apply_to_each_13')?['comments']}</p>"},"authentication":"@parameters('$authentication')"}}}},"expression":{"or":[{"contains":["@triggerOutputs()?['body/Receiving_x0020_Department/Value']","Accounts"]},{"contains":["@triggerOutputs()?['body/Receiving_x0020_Department/Value']","Procurement"]},{"contains":["@triggerOutputs()?['body/Receiving_x0020_Department/Value']","IT"]},{"contains":["@triggerOutputs()?['body/Receiving_x0020_Department/Value']","Salaries"]},{"contains":["@triggerOutputs()?['body/Receiving_x0020_Department/Value']","Security"]},{"contains":["@triggerOutputs()?['body/Receiving_x0020_Department/Value']","Adminstration"]}]},"type":"If"}}},"expression":{"or":[{"contains":["@triggerOutputs()?['body/Receiving_x0020_Department/Value']","Fabrication"]},{"contains":["@triggerOutputs()?['body/Receiving_x0020_Department/Value']","Operations"]}]},"type":"If"}}}},"default":{"actions":{}},"expression":"@items('Apply_to_each_13')?['approverResponse']","type":"Switch"}},"runAfter":{"Assigned_Approval_Form":["Succeeded"]},"type":"Foreach"}},"description":"When an item is created in a specified SharePoint List, send an approval. On approval, create same item in another specified SharePoint List."},"connectionReferences":{"shared_sendmail":{"connectionName":"shared-sendmail-b5892c48-1813-4a36-ac14-21bc032c9304","source":"Embedded","id":"/providers/Microsoft.PowerApps/apis/shared_sendmail","tier":"NotSpecified"},"shared_sharepointonline":{"connectionName":"shared-sharepointonl-59a7ebc1-005c-4d10-93d1-2614a8361128","source":"Embedded","id":"/providers/Microsoft.PowerApps/apis/shared_sharepointonline","tier":"NotSpecified"},"shared_approvals":{"connectionName":"shared-approvals-a062b67d-00d7-436a-879f-a06ace1b57ba","source":"Embedded","id":"/providers/Microsoft.PowerApps/apis/shared_approvals","tier":"NotSpecified"}},"flowFailureAlertSubscribed":false}}